[1,["f4sWdASthNaY7ON/uyjBJ/"],0,[["sp.SkeletonData",["_name","_atlasText","textureNames","_skeletonJson","textures"],-1,3]],[[0,0,1,2,3,4,5]],[[0,"skeleton","\nskeleton.png\nsize: 256,128\nformat: RGBA8888\nfilter: Linear,Linear\nrepeat: none\n7\n  rotate: true\n  xy: 134, 66\n  size: 60, 90\n  orig: 60, 90\n  offset: 0, 0\n  index: -1\n8\n  rotate: true\n  xy: 95, 2\n  size: 62, 85\n  orig: 62, 85\n  offset: 0, 0\n  index: -1\n9\n  rotate: true\n  xy: 2, 2\n  size: 64, 91\n  orig: 64, 91\n  offset: 0, 0\n  index: -1\nclub\n  rotate: false\n  xy: 2, 68\n  size: 130, 58\n  orig: 130, 58\n  offset: 0, 0\n  index: -1\n",["skeleton.png"],{"skeleton":{"hash":"DJdeAFku4E8E8/xRRsO6JJY64fM","spine":"3.7.93","width":130,"height":91,"images":"","audio":"/Users/hien/Desktop/CV/789.club/789_anim/loadingscreen_anim"},"bones":[{"name":"root"},{"name":"bone","parent":"root"},{"name":"bone2","parent":"root"},{"name":"bone3","parent":"root"},{"name":"bone4","parent":"root"},{"name":"bone5","parent":"root"},{"name":"bone12","parent":"bone5","length":222.99,"rotation":111.44,"x":32.46,"y":-189.33},{"name":"bone6","parent":"root"},{"name":"bone7","parent":"root"},{"name":"bone9","parent":"root"},{"name":"bone11","parent":"bone4","length":235.15,"rotation":86.71,"x":12.01,"y":-189.33},{"name":"bone14","parent":"bone6","length":236.66,"rotation":84.69,"x":-12.28,"y":-129.51},{"name":"bone15","parent":"bone7","length":245.54,"rotation":72.1,"x":-55.54,"y":-192.47},{"name":"bone16","parent":"root"},{"name":"bone10","parent":"root"},{"name":"bone13","parent":"root"},{"name":"bone17","parent":"root"},{"name":"bone18","parent":"root"}],"slots":[{"name":"7","bone":"bone","attachment":"7"},{"name":"12","bone":"bone17","blend":"additive"},{"name":"8","bone":"bone2","attachment":"8"},{"name":"11","bone":"bone13","blend":"additive"},{"name":"9","bone":"bone3","attachment":"9"},{"name":"10","bone":"bone10","blend":"additive"},{"name":"as1","bone":"bone11","blend":"additive"},{"name":"as3","bone":"bone12","blend":"additive"},{"name":"as4","bone":"bone14","blend":"additive"},{"name":"as5","bone":"bone15","blend":"additive"},{"name":"club","bone":"bone9","attachment":"club"},{"name":"club2","bone":"bone16","blend":"additive"},{"name":"club3","bone":"bone18","blend":"additive"}],"skins":{"default":{"7":{"7":{"width":60,"height":90}},"8":{"8":{"width":62,"height":85}},"9":{"9":{"x":0.5,"y":0.5,"width":64,"height":91}},"10":{"9":{"x":0.5,"y":0.5,"width":64,"height":91}},"11":{"8":{"width":62,"height":85}},"12":{"7":{"width":60,"height":90}},"as1":{"as1":{"x":189.83,"y":12.01,"rotation":-90,"width":114,"height":481}},"as3":{"as3":{"x":192.5,"y":-0.41,"rotation":-99.68,"width":153,"height":437}},"as4":{"as4":{"x":130.64,"y":-0.68,"rotation":-84.69,"width":115,"height":353}},"as5":{"as5":{"x":200.38,"y":5.82,"rotation":-72.1,"width":201,"height":440}},"club":{"club":{"x":0.5,"width":130,"height":58}},"club2":{"club":{"x":0.5,"width":130,"height":58}},"club3":{"club":{"x":0.5,"width":130,"height":58}}}},"animations":{"animation":{"slots":{"7":{"attachment":[{"time":0.3,"name":null},{"time":0.3333,"name":"7"}]},"8":{"attachment":[{"time":0.4333,"name":null},{"time":0.4667,"name":"8"}]},"9":{"attachment":[{"time":0.5667,"name":null},{"time":0.6,"name":"9"}]},"10":{"color":[{"time":0.5667,"color":"ffffffff"},{"time":0.7,"color":"ffffff00"}],"attachment":[{"time":0.5667,"name":"9"}]},"11":{"color":[{"time":0.4333,"color":"ffffffff"},{"time":0.6333,"color":"ffffff00"}],"attachment":[{"time":0.4333,"name":"8"}]},"12":{"color":[{"time":0.3,"color":"ffffffff"},{"time":0.5,"color":"ffffff00"}],"attachment":[{"time":0.3,"name":"7"}]},"club2":{"color":[{"time":0.3333,"color":"ffffffff"},{"time":0.8333,"color":"ffffff00"}],"attachment":[{"time":0.3333,"name":"club"},{"time":0.8333,"name":null}]}},"bones":{"bone":{"translate":[{"time":0,"x":-23,"y":-90},{"time":0.1,"x":-15,"y":-54,"curve":"stepped"},{"time":0.2,"x":-15,"y":-54},{"time":0.3,"x":-23,"y":-90}],"scale":[{"time":0,"x":1,"y":1},{"time":0.1,"x":1.2,"y":1.2},{"time":0.2,"x":1.5,"y":1.2},{"time":0.3,"x":1,"y":1},{"time":0.4,"x":1.2,"y":1},{"time":0.5,"x":1,"y":1}]},"bone2":{"translate":[{"time":0,"x":24,"y":-62,"curve":"stepped"},{"time":0.1333,"x":24,"y":-62},{"time":0.2333,"x":24,"y":-36,"curve":"stepped"},{"time":0.3333,"x":24,"y":-36},{"time":0.4333,"x":24,"y":-62},{"time":0.5333,"x":21,"y":-52},{"time":0.6333,"x":24,"y":-62}],"scale":[{"time":0.1333,"x":1,"y":1},{"time":0.2333,"x":1.2,"y":1.2},{"time":0.3333,"x":1.5,"y":1.2},{"time":0.4333,"x":1,"y":1},{"time":0.5333,"x":1.2,"y":1},{"time":0.6333,"x":1,"y":1}]},"bone3":{"translate":[{"time":0,"x":69,"y":-53,"curve":"stepped"},{"time":0.2667,"x":69,"y":-53},{"time":0.3667,"x":74,"y":-20,"curve":"stepped"},{"time":0.4667,"x":74,"y":-20},{"time":0.5667,"x":69,"y":-53,"curve":"stepped"},{"time":0.6,"x":69,"y":-53},{"time":0.6667,"x":74,"y":-42},{"time":0.7667,"x":69,"y":-53}],"scale":[{"time":0.2667,"x":1,"y":1},{"time":0.3667,"x":1.2,"y":1.2},{"time":0.4667,"x":1.5,"y":1.2},{"time":0.5667,"x":1,"y":1,"curve":"stepped"},{"time":0.6,"x":1,"y":1},{"time":0.6667,"x":1.2,"y":1},{"time":0.7667,"x":1,"y":1}]},"bone9":{"translate":[{"time":0,"x":31.64,"y":-113.28}]},"bone10":{"translate":[{"time":0.5667,"x":69,"y":-53}]},"bone17":{"translate":[{"time":0.3,"x":-23,"y":-90}]},"bone13":{"translate":[{"time":0.4333,"x":24,"y":-62}],"scale":[{"time":0.4333,"x":1,"y":1},{"time":0.6333,"x":0.5,"y":0.5}]},"bone16":{"translate":[{"time":0.3333,"x":31.64,"y":-113.28}]}}},"idle":{"bones":{"bone":{"translate":[{"time":0,"x":-23,"y":-90}]},"bone2":{"translate":[{"time":0,"x":24,"y":-62}]},"bone3":{"translate":[{"time":0,"x":69,"y":-53}]},"bone9":{"translate":[{"time":0,"x":31.64,"y":-113.28}]}}}}},[0]]],0,0,[0],[-1],[0]]